epoch,train_loss,train_energy,train_residual,train_residual_raw,val_loss,val_energy,val_residual,val_residual_raw,lr,residual_ramp,effective_residual_weight
1,7.553341277081804e-05,7.455544255208224e-05,0.048898528156391646,4.663326885735965e-12,8.063233690336347e-05,7.236032979562879e-05,0.016544004902243614,1.5777595159180424e-12,0.00019999451693655123,0.04,2e-05
2,7.256290244463421e-05,7.182414178791756e-05,0.018469020250742717,1.7613429923975667e-12,7.934347377158701e-05,7.198419189080596e-05,0.014718578197062016,1.403672642528997e-12,0.00019997806834748456,0.08,4e-05
3,7.239057928110647e-05,7.143199541980905e-05,0.015976404960630304,1.5236286707419144e-12,7.801531319273636e-05,7.171528704930097e-05,0.01260004285722971,1.2016335192502337e-12,0.00019995065603657316,0.12,6e-05
4,7.199127645373849e-05,7.079278651163204e-05,0.014981123997624649,1.428711278249163e-12,7.71604900364764e-05,7.147705036913976e-05,0.011366899125277996,1.0840316274837725e-12,0.00019991228300988585,0.16,8e-05
5,7.220099914929498e-05,7.091654154819326e-05,0.01284457812622442,1.2249543992584223e-12,7.622667908435687e-05,7.127232674974948e-05,0.00990868080407381,9.449655684681812e-13,0.0001998629534754574,0.2,0.0001
6,7.212250673515975e-05,7.077142331350627e-05,0.0112590274884034,1.0737445031872416e-12,7.562270184280351e-05,7.113836181815714e-05,0.008968678303062916,8.553198297192588e-13,0.00019980267284282717,0.24,0.00012
7,7.190633507473079e-05,7.053906375727758e-05,0.009766224519175998,9.313797370102938e-13,7.514625031035393e-05,7.110314618330449e-05,0.008086209185421467,7.711609671147424e-13,0.00019973144772244582,0.28,0.00014000000000000001
8,7.154119237507614e-05,7.011345994631144e-05,0.008923328323763306,8.509948788014668e-13,7.465823728125542e-05,7.095102773746476e-05,0.007414437364786863,7.07095731793117e-13,0.00019964928592495045,0.32,0.00016
9,7.19233585957643e-05,7.053991812735132e-05,0.007685779680703151,7.329730580761093e-13,7.404696953017265e-05,7.092193845892325e-05,0.006250078324228525,5.960539136914966e-13,0.000199556196460308,0.36,0.00017999999999999998
10,7.13313864376317e-05,6.986492741616221e-05,0.007332296236970667,6.992622470568302e-13,7.393958367174491e-05,7.075296889524907e-05,0.006373201962560415,6.077959316397319e-13,0.00019945218953682734,0.4,0.0002
11,7.157461158832598e-05,7.016336327316082e-05,0.0064147670350779415,6.117598400182323e-13,7.348503277171403e-05,7.07134313415736e-05,0.005543177947402,5.286386020771083e-13,0.00019933727656003966,0.44,0.00022
12,7.133284902843347e-05,6.981103464475659e-05,0.006340892957839168,6.04714664439921e-13,7.3884533776436e-05,7.10391323082149e-05,0.0056907967664301395,5.427167504463981e-13,0.00019921147013144782,0.48,0.00024
13,7.125899966182661e-05,6.96612843381383e-05,0.006145058570713815,5.860384406136552e-13,7.325270416913554e-05,7.07227663951926e-05,0.005059912335127592,4.825509024482255e-13,0.0001990747840471444,0.52,0.00026000000000000003
14,7.171818127725431e-05,6.997745429359029e-05,0.006216881761201105,5.928880268091617e-13,7.343050674535334e-05,7.07399522070773e-05,0.00538114458322525,5.131860648238673e-13,0.00019892723329629887,0.56,0.00028000000000000003
15,7.129116605383234e-05,6.974581851016225e-05,0.005151158561772209,4.912527513501026e-13,7.335186091950163e-05,7.074623863445595e-05,0.005211225710809231,4.9698114547303e-13,0.0001987688340595138,0.6,0.0003
16,7.185826639909202e-05,7.033716419601213e-05,0.004753444272772235,4.5332376586952864e-13,7.257805555127561e-05,7.051508146105334e-05,0.004125971347093582,3.9348326029767233e-13,0.0001985996037070505,0.64,0.00032
17,7.155974224403153e-05,6.989039339113317e-05,0.004909849555973532,4.682397268735296e-13,7.263270526891574e-05,7.055290188873187e-05,0.004159589298069477,3.966893545419292e-13,0.00019841956079692417,0.68,0.00034
18,7.173420268927811e-05,7.018947890482179e-05,0.0042908985317700495,4.092119642878881e-13,7.241548883030191e-05,7.054028537822887e-05,0.003750439966097474,3.576697857159139e-13,0.00019822872507286888,0.72,0.00035999999999999997
19,7.12844110054548e-05,6.961763315534187e-05,0.004386257617024041,4.1830611130223635e-13,7.245687447721139e-05,7.044361700536683e-05,0.004026498645544052,3.8399684365413023e-13,0.00019802711746217218,0.76,0.00038
20,7.118307430419471e-05,6.937005278906959e-05,0.004532553946157381,4.3225801811077123e-13,7.207340240711346e-05,7.043209916446358e-05,0.0032826110254973173,3.130541886917776e-13,0.00019781476007338055,0.8,0.0004
21,7.124773191655117e-05,6.955329013566124e-05,0.004034385862523469,3.847490114380344e-13,7.21727847121656e-05,7.04610938555561e-05,0.0034233680926263332,3.2647780420953787e-13,0.0001975916761938747,0.84,0.00042
22,7.152094844120981e-05,6.988083944217918e-05,0.003727520228032086,3.554840244886214e-13,7.206158625194803e-05,7.041434582788497e-05,0.003294475842267275,3.1418566207898346e-13,0.000197357890287316,0.88,0.00044
23,7.144328326645891e-05,6.981641873006977e-05,0.00353666256829086,3.372824129198074e-13,7.206037844298407e-05,7.045548409223557e-05,0.003209782065823674,3.061087353647268e-13,0.0001971134279909636,0.92,0.00046
24,7.188226312391018e-05,7.033719527298363e-05,0.003218891282597462,3.069773857413143e-13,7.184732385212556e-05,7.041209028102458e-05,0.002870453055948019,2.737477128658683e-13,0.00019685831611286308,0.96,0.00048
25,7.157713523572626e-05,6.999156348529604e-05,0.003171143552162132,3.0242380943299566e-13,7.210492913145572e-05,7.045311940601096e-05,0.0033036416862159967,3.150597729754956e-13,0.00019659258262890678,1.0,0.0005
26,7.235602822482301e-05,7.016877313262893e-05,0.0043745097364851476,4.171857431773676e-13,7.197778904810548e-05,7.050075510051101e-05,0.0029540746472775936,2.817225077354768e-13,0.00019631625667976578,1.0,0.0005
27,7.138724384091447e-05,6.966737394469743e-05,0.0034397400134258856,3.2803915962346493e-13,7.204327266663313e-05,7.052331056911498e-05,0.003039910225197673,2.8990842387312254e-13,0.00019602936856769426,1.0,0.0005
28,7.119611725980668e-05,6.967190168679582e-05,0.0030484311105052043,2.9072103937370054e-13,7.168224692577496e-05,7.031943823676556e-05,0.0027256093453615904,2.599343537721538e-13,0.00019573194975320668,1.0,0.0005
29,7.139408102128812e-05,6.979379543474228e-05,0.0032005700286698796,3.052301369737991e-13,7.182553235907108e-05,7.040484342724085e-05,0.0028413734398782253,2.7097445923392194e-13,0.00019542403285162765,1.0,0.0005
30,7.118585655639358e-05,6.96182295372236e-05,0.003135254857193489,2.990011970287434e-13,7.170876779127866e-05,7.030309643596411e-05,0.002811338286846876,2.681101055144325e-13,0.00019510565162951534,1.0,0.0005
31,7.153009530650137e-05,6.988478399777658e-05,0.0032906210981309414,3.1381807711463323e-13,7.162068504840136e-05,7.039155025267974e-05,0.0024582890328019857,2.3444072204392707e-13,0.00019477684100095856,1.0,0.0005
32,7.079180931352805e-05,6.927677649231154e-05,0.0030300644348706988,2.889694560945339e-13,7.181791443144903e-05,7.044105586828664e-05,0.002753756707534194,2.626186486158477e-13,0.0001944376370237481,1.0,0.0005
33,7.098531981898567e-05,6.949811062964973e-05,0.0029744173881550463,2.8366254097208323e-13,7.169014861574396e-05,7.033489237073809e-05,0.0027104991022497416,2.5849339487481193e-13,0.0001940880768954225,1.0,0.0005
34,7.063079200156223e-05,6.922092303531087e-05,0.0028197377332154724,2.6891114095481526e-13,7.145786366891116e-05,7.021461351541802e-05,0.002486479701474309,2.3712916396093076e-13,0.0001937281989491891,1.0,0.0005
35,7.108212692832764e-05,6.965265172273236e-05,0.00285894990803958,2.726507021769972e-13,7.173897029133514e-05,7.024069054750726e-05,0.002996564144268632,2.8577460493492413e-13,0.0001933580426497201,1.0,0.0005
36,7.052495703199816e-05,6.911081054259755e-05,0.002828292159947677,2.697269541626905e-13,7.151231693569571e-05,7.025468948995695e-05,0.0025152526795864105,2.3987319834432863e-13,0.00019297764858882508,1.0,0.0005
37,7.102340847052539e-05,6.972396178013188e-05,0.0025988936076982547,2.478498021317567e-13,7.151706813601777e-05,7.024194928817451e-05,0.002550241071730852,2.432098847402614e-13,0.00019258705848099945,1.0,0.0005
38,7.12716590881474e-05,6.993031866702456e-05,0.0026826804416980278,2.558403383765089e-13,7.132784958230332e-05,7.020689372438937e-05,0.0022419095039367676,2.138051834101734e-13,0.00019218631515885003,1.0,0.0005
39,7.102240919790593e-05,6.988507454279589e-05,0.0022746690142489336,2.1692933505542733e-13,7.135768828447908e-05,7.021460623946041e-05,0.0022861608304083347,2.1802530484130167e-13,0.0001917754625683981,1.0,0.0005
40,7.076512344410421e-05,6.93868963843038e-05,0.002756453788113165,2.628759124487378e-13,7.145822019083425e-05,7.033239671727642e-05,0.002251632045954466,2.1473233889797438e-13,0.00019135454576426006,1.0,0.0005
41,7.096037635642846e-05,6.976571837755836e-05,0.0023893158334323157,2.278629077764832e-13,7.13494882802479e-05,7.017461757641286e-05,0.0023497650399804115,2.24091063630652e-13,0.00019092361090470685,1.0,0.0005
42,7.042107756853388e-05,6.921621450416397e-05,0.0024097262846179686,2.298094017784296e-13,7.119804649846628e-05,7.014453149167821e-05,0.002107039326801896,2.0094296777732612e-13,0.00019048270524660196,1.0,0.0005
43,7.054712428510094e-05,6.941195391907783e-05,0.0022703399388435282,2.1651648510978355e-13,7.126605487428606e-05,7.013666618149728e-05,0.002258791821077466,2.1541519653126007e-13,0.00019003187714021935,1.0,0.0005
44,7.08332051961067e-05,6.964075035253792e-05,0.002384909620050783,2.274426966264071e-13,7.121374801499769e-05,7.018458563834429e-05,0.002058351645246148,1.9629968223827676e-13,0.00018957117602394128,1.0,0.0005
45,7.057245633312327e-05,6.943993552556356e-05,0.002265040666038581,2.1601110505527787e-13,7.121982343960553e-05,7.018483302090317e-05,0.00207000900991261,1.974114231459434e-13,0.00018910065241883677,1.0,0.0005
46,7.093778216493142e-05,6.976099554113886e-05,0.002353573610643083,2.2445426492672684e-13,7.13000918040052e-05,7.018353790044785e-05,0.0022331131622195244,2.129662684266856e-13,0.00018862035792312145,1.0,0.0005
47,7.078819106613144e-05,6.966868090399903e-05,0.002239018981542312,2.135294852690529e-13,7.118649227777496e-05,7.015449955360964e-05,0.0020639884751290083,1.9683722967539508e-13,0.00018813034520649919,1.0,0.0005
48,7.070391278583714e-05,6.958871344360917e-05,0.002230398512792663,2.1270737277764434e-13,7.117278437362984e-05,7.022615318419412e-05,0.001893256907351315,1.805550744722953e-13,0.00018763066800438633,1.0,0.0005
49,7.074528190769034e-05,6.941867912369701e-05,0.002653205650858581,2.530294022873609e-13,7.182304398156703e-05,7.047751569189131e-05,0.002691065426915884,2.5663995126094796e-13,0.00018712138111201895,1.0,0.0005
50,7.084293894753871e-05,6.958292079477776e-05,0.0025200361555631637,2.4032937020639797e-13,7.119904330465943e-05,7.01338576618582e-05,0.002130373613908887,2.0316825207877115e-13,0.00018660254037844386,1.0,0.0005
51,7.035992561121297e-05,6.920628319198455e-05,0.002307284376741845,2.2003977923827829e-13,7.113288302207366e-05,7.013711729086936e-05,0.0019915217999368906,1.8992630818753797e-13,0.00018607420270039436,1.0,0.0005
52,7.057780687503864e-05,6.963512665390874e-05,0.001885359873995185,1.7980192573809926e-13,7.105316035449505e-05,7.008181273704395e-05,0.0019427015213295817,1.8527041879823347e-13,0.00018553642601605065,1.0,0.0005
53,7.002460373214336e-05,6.895393855333076e-05,0.002141329961023846,2.0421313457986338e-13,7.11179236532189e-05,7.008833199506626e-05,0.0020591767970472574,1.963783682109449e-13,0.0001849892692986864,1.0,0.0005
54,7.032211097963628e-05,6.925740702989337e-05,0.002129408708473636,2.0307623685108926e-13,7.112040475476533e-05,7.009528781054541e-05,0.002050261478871107,1.955282181824447e-13,0.00018443279255020152,1.0,0.0005
55,7.009051613888498e-05,6.90544510982394e-05,0.0020721303299069405,1.976137403248139e-13,7.098799687810242e-05,7.006757368799299e-05,0.0018408299656584859,1.7555522194376977e-13,0.00018386705679454242,1.0,0.0005
56,7.035207250984228e-05,6.941182110202104e-05,0.0018805027446093952,1.7933871356787622e-13,7.097899651853368e-05,7.009552064118907e-05,0.0017669664230197668,1.685110791139685e-13,0.00018329212407100997,1.0,0.0005
57,7.03219057729673e-05,6.926630836244578e-05,0.002111194480676204,2.0133918992066865e-13,7.15569913154468e-05,7.019830809440464e-05,0.0027173575945198536,2.591474127303095e-13,0.0001827080574274562,1.0,0.0005
58,7.039843959796984e-05,6.918226229618856e-05,0.0024323547870646845,2.319674228202644e-13,7.116873166523874e-05,7.014127186266705e-05,0.0020549020264297724,1.9597073529914466e-13,0.00018211492091337042,1.0,0.0005
59,7.057774755748588e-05,6.953485507885057e-05,0.002085784079222861,1.9891586610030166e-13,7.120957161532715e-05,7.018005271675065e-05,0.002059053862467408,1.9636665882748205e-13,0.00018151277957285543,1.0,0.0005
60,7.068593142814619e-05,6.962998255187551e-05,0.0021118975572003906,2.0140624162303291e-13,7.102884410414845e-05,7.00782984495163e-05,0.0019010958494618535,1.8130259121264258e-13,0.00018090169943749476,1.0,0.0005
61,7.04742675317625e-05,6.95484929364885e-05,0.001851548933053105,1.7657746219180158e-13,7.115049083949998e-05,7.009641558397561e-05,0.002108147135004401,2.0104859617398052e-13,0.00018028174751911146,1.0,0.0005
62,7.03442282876063e-05,6.927246419255132e-05,0.002143527203539418,2.0442267651907923e-13,7.113093306543306e-05,7.013782305875793e-05,0.0019862286280840635,1.8942150365602872e-13,0.00017965299180241963,1.0,0.0005
63,7.037026869326483e-05,6.937779545620226e-05,0.0019849468756593385,1.8929928053442748e-13,7.091660518199205e-05,7.00178716215305e-05,0.0017974465154111385,1.714178386909293e-13,0.000179015501237569,1.0,0.0005
64,7.013403746433619e-05,6.918733511850143e-05,0.0018934043365041332,1.80569102601273e-13,7.095702312653884e-05,7.005179941188544e-05,0.0018104348564520478,1.726564719103582e-13,0.00017836934573258397,1.0,0.0005
65,7.025835089981398e-05,6.932955246588405e-05,0.0018575976472505827,1.7715431264678404e-13,7.104952237568796e-05,7.009005639702082e-05,0.0019189398735761642,1.830043956001573e-13,0.00017771459614569708,1.0,0.0005
66,7.031251386822186e-05,6.94434457434878e-05,0.0017381362800517957,1.6576158777105566e-13,7.097468915162608e-05,7.00479286024347e-05,0.0018535031704232097,1.7676382276302083e-13,0.00017705132427757892,1.0,0.0005
67,7.02423360238199e-05,6.93258018947159e-05,0.0018330685097834695,1.7481503045920225e-13,7.101900700945407e-05,7.004831422818825e-05,0.0019413995323702693,1.851463047545382e-13,0.00017637960286346423,1.0,0.0005
68,7.032647865066715e-05,6.934397588030167e-05,0.001965005230947824,1.8739749884631136e-13,7.103218376869336e-05,7.005435327300802e-05,0.0019556544721126556,1.8650571809598199e-13,0.00017569950556517563,1.0,0.0005
69,7.00301856248466e-05,6.913704505600667e-05,0.0017862812767862894,1.7035305166211412e-13,7.084506069077179e-05,7.001241465331987e-05,0.0016653004568070173,1.5881542500366386e-13,0.00017501110696304596,1.0,0.0005
70,7.023080609742774e-05,6.939542010698815e-05,0.0016707722048306744,1.5933725300235615e-13,7.11416796548292e-05,7.006136002019048e-05,0.0021606481168419123,2.0605541470146427e-13,0.00017431448254773944,1.0,0.0005
71,7.00962396044584e-05,6.901365270743431e-05,0.0021651736154789263,2.064870399507039e-13,7.113988976925611e-05,7.004174403846264e-05,0.0021962972823530436,2.094552016638357e-13,0.00017360970871197344,1.0,0.0005
72,7.035593160376805e-05,6.935669585738836e-05,0.0019984713684514923,1.905890774151687e-13,7.088665734045208e-05,7.005825318628922e-05,0.001656770589761436,1.5800193456112083e-13,0.00017289686274214118,1.0,0.0005
73,7.029766055569842e-05,6.937873843264119e-05,0.0018378440182166712,1.7527045819564917e-13,7.093398016877472e-05,7.003573409747332e-05,0.0017964765429496765,1.7132531558803482e-13,0.00017217602280983623,1.0,0.0005
74,7.046615570227189e-05,6.952801259566036e-05,0.0018762861678408365,1.7893658711677063e-13,7.090470171533525e-05,7.006210216786712e-05,0.0016852152766659856,1.6071463550173387e-13,0.00017144726796328034,1.0,0.0005
75,7.025371685474164e-05,6.91917871413121e-05,0.0021238593755574043,2.0254701158446015e-13,7.102191011654213e-05,7.002478378126398e-05,0.001994259422644973,1.901874111757268e-13,0.00017071067811865476,1.0,0.0005
76,7.033060929812965e-05,6.948374073668304e-05,0.0016937376447890143,1.6152740530587316e-13,7.079992792569101e-05,6.997969467192888e-05,0.00164048804435879,1.5644908599957846e-13,0.00016996633405133658,1.0,0.0005
77,7.029245898593217e-05,6.951170668136171e-05,0.0015615044868061857,1.48916670194656e-13,7.081624062266201e-05,6.999787001404911e-05,0.0016367307398468256,1.5609082494420778e-13,0.0001692143173870407,1.0,0.0005
78,7.009412119090083e-05,6.9162063621245e-05,0.0018641147387640203,1.7777582878571515e-13,7.089276186889037e-05,7.002980419201776e-05,0.0017259150044992566,1.6459607927923198e-13,0.0001684547105928689,1.0,0.0005
79,7.019890040668296e-05,6.942372728174679e-05,0.001550345673715159,1.4785247890277607e-13,7.074764289427549e-05,6.997859600232914e-05,0.001538092503324151,1.4668390742496318e-13,0.0001676875969682661,1.0,0.0005
80,7.008214360813343e-05,6.931584641155866e-05,0.0015325945914501987,1.4615960769799183e-13,7.082527008606121e-05,6.998040771577507e-05,0.0016897325403988361,1.6114544323497099e-13,0.00016691306063588586,1.0,0.0005
81,7.033759187433427e-05,6.945684978391154e-05,0.0017614850371886614,1.6798830083044834e-13,7.081028161337599e-05,7.000959158176556e-05,0.0016013444401323795,1.527161101570751e-13,0.00016613118653236524,1.0,0.0005
82,7.007467600919496e-05,6.931540874420997e-05,0.0015185342566899451,1.4481870819973654e-13,7.073907181620598e-05,6.99801166774705e-05,0.0015179123729467392,1.4475940791121994e-13,0.00016534206039901063,1.0,0.0005
83,7.02687669880846e-05,6.950034126560441e-05,0.0015368509931110981,1.4656553023492423e-13,7.074570748955011e-05,6.996413139859214e-05,0.0015631242422387004,1.4907113087339607e-13,0.00016454576877239513,1.0,0.0005
84,6.993394012077537e-05,6.898589172278199e-05,0.0018960957748862773,1.8082577873686264e-13,7.083371747285128e-05,7.003520295256749e-05,0.0015970231033861637,1.523039913587862e-13,0.00016374239897486904,1.0,0.0005
85,7.026194349637697e-05,6.945944409442561e-05,0.0016049986825545587,1.5306459754332774e-13,7.092151645338163e-05,7.001842459430918e-05,0.0018061994342133403,1.7225262015363452e-13,0.0001629320391049838,1.0,0.0005
86,7.030566090271982e-05,6.951531419980387e-05,0.0015806945453208509,1.507467753230899e-13,7.075122994137928e-05,6.997553282417357e-05,0.0015514050610363483,1.4795353527399802e-13,0.0001621147780278311,1.0,0.0005
87,7.020472894201719e-05,6.94350944240025e-05,0.0015392686137771707,1.4679609047840622e-13,7.075210305629298e-05,6.999504694249481e-05,0.0015141349285840988,1.44399127529303e-13,0.00016129070536529771,1.0,0.0005
88,6.994200052527743e-05,6.919197150667877e-05,0.0015000585571199783,1.430567276629248e-13,7.077457121340558e-05,6.997591844992712e-05,0.0015973318368196487,1.523334545528235e-13,0.00016045991148623756,1.0,0.0005
89,6.99049250816658e-05,6.918259045420909e-05,0.0014446680907602028,1.3777428254706984e-13,7.068520062603056e-05,6.996335287112743e-05,0.0014437289210036397,1.3768473123773606e-13,0.00015962248749656164,1.0,0.0005
90,6.978273844559503e-05,6.901451940963961e-05,0.001536437527323931,1.4652609657299532e-13,7.08722072886303e-05,7.00095115462318e-05,0.0017253844998776913,1.6454550124788553e-13,0.00015877852522924737,1.0,0.0005
91,7.033032417924822e-05,6.952613959152062e-05,0.001608368421715321,1.5338596149896026e-13,7.085923425620422e-05,7.00081218383275e-05,0.0017022325191646814,1.6233757773372742e-13,0.00015792811723426794,1.0,0.0005
92,6.961459871105281e-05,6.883618766165701e-05,0.0015568213963533862,1.4847005332363942e-13,7.072369771776721e-05,6.996245065238327e-05,0.0015224688686430454,1.4519394258942497e-13,0.00015707135676844327,1.0,0.0005
93,7.030192439018165e-05,6.959183088314357e-05,0.0014201872409873846,1.3543960770188747e-13,7.066303078318015e-05,6.995051080593839e-05,0.0014250313397496939,1.3590157102970346e-13,0.00015620833778521315,1.0,0.0005
94,6.974382095149386e-05,6.89789396069423e-05,0.0015297624365410815,1.4588950916247723e-13,7.080339128151536e-05,6.99960146448575e-05,0.0016147688729688525,1.5399634963487313e-13,0.00015533915492433448,1.0,0.0005
95,6.997452084945862e-05,6.913710918309072e-05,0.0016748222623067766,1.5972349393915208e-13,7.068293052725494e-05,6.995878356974572e-05,0.0014482990372925997,1.3812055340602092e-13,0.00015446390350150278,1.0,0.0005
96,7.03387581240149e-05,6.961483918761802e-05,0.0014478376024734166,1.3807655041767982e-13,7.087550329742953e-05,7.000437472015619e-05,0.0017422678647562861,1.6615562278918944e-13,0.00015358267949789974,1.0,0.0005
97,7.035275990285484e-05,6.956474113641149e-05,0.0015760370188834683,1.5030260008914798e-13,7.080481736920774e-05,6.996157753746957e-05,0.0016864616191014647,1.608335182699469e-13,0.00015269557954966786,1.0,0.0005
98,6.995439394752068e-05,6.919716765030714e-05,0.0015144525756822678,1.4442944872464639e-13,7.075049506966025e-05,6.997270247666165e-05,0.0015555963618680835,1.4835321285235764e-13,0.0001518027009373131,1.0,0.0005
99,7.006231218406741e-05,6.917750813615493e-05,0.0017696083641721536,1.6876300325115915e-13,7.071367872413248e-05,6.995588046265766e-05,0.0015156001318246126,1.445388811893364e-13,0.00015090414157503722,1.0,0.0005
100,6.947770970774877e-05,6.874011591731933e-05,0.0014751883493973163,1.4068492090324347e-13,7.067406113492325e-05,6.994542491156608e-05,0.0014572528889402747,1.3897445748454335e-13,0.00015000000000000007,1.0,0.0005
101,6.977707170782674e-05,6.895677457362319e-05,0.001640593156542124,1.5645915162228996e-13,7.088496931828558e-05,7.001919584581628e-05,0.0017315595177933574,1.6513438565787103e-13,0.00014909037536151417,1.0,0.0005
102,6.994662495128716e-05,6.92202062918252e-05,0.0014528377470955,1.3855340079459502e-13,7.066123362164944e-05,6.996525917202234e-05,0.0013919456396251917,1.3274627165722752e-13,0.0001481753674101716,1.0,0.0005
103,7.020519546655369e-05,6.952884242479232e-05,0.0013527060667510634,1.2900410191812377e-13,7.062520307954401e-05,6.99246083968319e-05,0.0014012135798111558,1.3363012682076486e-13,0.00014725507648690549,1.0,0.0005
104,6.990799232942479e-05,6.923959314254886e-05,0.0013367992675847422,1.2748710955332285e-13,7.068040576996282e-05,6.994021532591432e-05,0.0014803678495809436,1.4117887089416803e-13,0.00014632960351198626,1.0,0.0005
105,7.030714162175496e-05,6.9545486856102e-05,0.0015233086848284228,1.4527403366054418e-13,7.063486555125564e-05,6.99496449669823e-05,0.0013704487355425954,1.3069619442685615e-13,0.00014539904997395477,1.0,0.0005
106,6.980680546356302e-05,6.909726986215624e-05,0.0014190714790533155,1.3533319974779177e-13,7.066089165164158e-05,6.991625559749082e-05,0.0014892671024426818,1.4202755724973537e-13,0.00014446351791849282,1.0,0.0005
107,6.953286639931691e-05,6.881907238956478e-05,0.0014275874907024584,1.3614535078718486e-13,7.059528434183449e-05,6.992239650571719e-05,0.001345802447758615,1.283456983270162e-13,0.00014352310993723285,1.0,0.0005
108,6.990562640998702e-05,6.928398388327431e-05,0.0012432843914365996,1.1856883598091737e-13,7.057563198031858e-05,6.99216325301677e-05,0.0013080018106848001,1.2474079386613768e-13,0.00014257792915650734,1.0,0.0005
109,6.973819626629415e-05,6.911378110644518e-05,0.0012488300873605945,1.1909771640464147e-13,7.060467032715678e-05,6.992274575168267e-05,0.0013638336677104235,1.30065310735214e-13,0.0001416280792260402,1.0,0.0005
110,6.991955185293267e-05,6.929539899752176e-05,0.001248305067577857,1.1904764601880376e-13,7.061514043016359e-05,6.99358424753882e-05,0.0013585914857685566,1.2956538511348092e-13,0.0001406736643075801,1.0,0.0005
111,6.95688090133244e-05,6.88629750245235e-05,0.0014116669673535783,1.3462704922529027e-13,7.062747317831963e-05,6.993886199779809e-05,0.0013772215461358428,1.3134209431858723e-13,0.00013971478906347814,1.0,0.0005
112,7.005857974113265e-05,6.945216850677537e-05,0.0012128221115760378,1.156637270558234e-13,7.056311733322218e-05,6.989733810769394e-05,0.001331544597633183,1.2698600038250213e-13,0.0001387515586452104,1.0,0.0005
113,6.956302401041454e-05,6.89161815128084e-05,0.0012936841645199112,1.23375333455988e-13,7.065251702442765e-05,6.99183510732837e-05,0.001468332251533866,1.4003108026426625e-13,0.00013778407868184683,1.0,0.0005
114,6.984558076818741e-05,6.906034783026109e-05,0.0015704656144114749,1.4977126809365766e-13,7.07537546986714e-05,6.998204480623826e-05,0.0015434364322572947,1.4719359086624861e-13,0.0001368124552684679,1.0,0.0005
115,6.966470453150223e-05,6.89525899114245e-05,0.0014242287212193516,1.358250319840703e-13,7.0975671405904e-05,6.997487071203068e-05,0.0020016070920974016,1.9088814459233133e-13,0.0001358367949545301,1.0,0.0005
116,6.98051411190891e-05,6.895944546667417e-05,0.0016913915899487496,1.6130366686475747e-13,7.062347140163183e-05,6.995662261033431e-05,0.0013337074778974056,1.2719224274076318e-13,0.00013485720473218162,1.0,0.0005
117,6.978456162792331e-05,6.910649565308971e-05,0.0013561316171929367,1.2933078627433236e-13,7.059940980980173e-05,6.990986003074795e-05,0.0013790774391964078,1.3151906321819118e-13,0.00013387379202452925,1.0,0.0005
118,6.951911311292768e-05,6.88867063618707e-05,0.001264812919544056,1.20621957706118e-13,7.05374768585898e-05,6.991287227720022e-05,0.0012492049718275666,1.1913346286036852e-13,0.0001328866646738584,1.0,0.0005
119,6.942100915663197e-05,6.876265868382781e-05,0.0013167010107219723,1.2557039114264993e-13,7.060814095893875e-05,6.991426926106215e-05,0.0013877240708097816,1.3234365318047503e-13,0.00013189593092980707,1.0,0.0005
120,7.005885894059093e-05,6.936629814829804e-05,0.0013851213290640232,1.320954607546072e-13,7.064275996526703e-05,6.991365080466494e-05,0.0014582242583855987,1.390671161127094e-13,0.00013090169943749482,1.0,0.0005
121,6.98205726852609e-05,6.922678425079369e-05,0.0011875772902000127,1.132561933652423e-13,7.055069727357477e-05,6.988868699409068e-05,0.0013240088010206819,1.2626729631488864e-13,0.00012990407922560873,1.0,0.0005
122,6.979925116973977e-05,6.919790252202617e-05,0.0012026970418785715,1.1469812454155568e-13,7.053781155264005e-05,6.99021402397193e-05,0.0012713157339021564,1.2124211411310842e-13,0.00012890317969444724,1.0,0.0005
123,6.985203355602068e-05,6.914236217784553e-05,0.0014193429901675021,1.353590923677571e-13,7.059707422740757e-05,6.994661089265719e-05,0.0013009487884119153,1.2406815483832767e-13,0.00012789911060392302,1.0,0.0005
124,6.999154671359712e-05,6.9332940225742e-05,0.0013172130906457175,1.2561922635345967e-13,7.054070010781288e-05,6.990036490606144e-05,0.0012806630693376064,1.22133545139326e-13,0.00012689198206152665,1.0,0.0005
125,6.966409520088238e-05,6.906387469656291e-05,0.0012004407758082626,1.1448294986195358e-13,7.05469137756154e-05,6.990100519033149e-05,0.0012918218271806836,1.2319774378172915e-13,0.00012588190451025218,1.0,0.0005
126,6.921572097225936e-05,6.863186989271603e-05,0.0011677021886837685,1.1136075431726116e-13,7.050749263726175e-05,6.989661778789014e-05,0.0012217345647513866,1.1651366449341033e-13,0.00012486898871648554,1.0,0.0005
127,6.920105091521074e-05,6.85088168010826e-05,0.001384467947083699,1.3203314841693016e-13,7.061289943521842e-05,6.991633563302457e-05,0.0013931301655247808,1.328592455236005e-13,0.00012385334575785816,1.0,0.0005
128,6.9722499929258e-05,6.902441828831304e-05,0.0013961635334654,1.33148526972193e-13,7.059932249831036e-05,6.993106217123568e-05,0.0013365073828026652,1.274592681833192e-13,0.00012283508701106566,1.0,0.0005
129,6.997779293392263e-05,6.937689699875822e-05,0.0012017920449518171,1.1461181785653058e-13,7.051990542095155e-05,6.98981893947348e-05,0.0012434187810868025,1.1858164461215487e-13,0.00012181432413965435,1.0,0.0005
130,6.926623584951227e-05,6.86708980060372e-05,0.001190675890183676,1.1355169881193121e-13,7.049296254990622e-05,6.988865789026022e-05,0.0012086147908121347,1.1526250873888921e-13,0.00012079116908177601,1.0,0.0005
131,7.039553402445547e-05,6.989447927295814e-05,0.0010021096697250792,9.556862294945403e-14,7.046389509923756e-05,6.988142558839172e-05,0.0011649152729660273,1.1109495078433576e-13,0.00011976573403791266,1.0,0.0005
132,6.984503198833347e-05,6.92699576868139e-05,0.0011501492097800187,1.096867748759248e-13,7.06679857103154e-05,6.991994450800121e-05,0.0014960851985961199,1.426777939501564e-13,0.00011873813145857256,1.0,0.0005
133,6.997697556024355e-05,6.931228439868191e-05,0.001329382994977789,1.2677983882257034e-13,7.053453009575605e-05,6.98993680998683e-05,0.0012702824315056205,1.2114357368815665e-13,0.00011770847403195841,1.0,0.0005
134,6.983195215964817e-05,6.923000540355442e-05,0.0012038938915238605,1.1481226524606122e-13,7.071036088746041e-05,6.989402754697949e-05,0.0016326452605426311,1.5570121689352512e-13,0.0001166768746716103,1.0,0.0005
135,6.995193455052577e-05,6.926254989871345e-05,0.0013787691812899153,1.314896747927571e-13,7.055629976093769e-05,6.993948045419529e-05,0.0012336367508396506,1.1764875640536687e-13,0.00011564344650402317,1.0,0.0005
136,6.994767947185595e-05,6.938848636602446e-05,0.0011183860232280094,1.0665760025979602e-13,7.047762483125553e-05,6.98870062478818e-05,0.0011812299489974976,1.1265087576954255e-13,0.00011460830285624125,1.0,0.0005
137,6.934540332452851e-05,6.877169012036806e-05,0.0011474256397824797,1.0942703265334399e-13,7.0492947997991e-05,6.987257802393287e-05,0.0012407262111082673,1.1832485132760168e-13,0.00011357155724343052,1.0,0.0005
138,6.974999232008516e-05,6.922957291570098e-05,0.0010408386538768093,9.926210672782461e-14,7.04772537574172e-05,6.987248343648389e-05,0.0012095290003344417,1.153496650410299e-13,0.0001125333233564305,1.0,0.0005
139,6.972847176396083e-05,6.917343655960255e-05,0.0011100695247493557,1.0586447794477142e-13,7.051785360090435e-05,6.987468805164099e-05,0.0012863146839663386,1.2267254269685002e-13,0.00011149371504928675,1.0,0.0005
140,6.98365376161222e-05,6.925135972254547e-05,0.0011703565162290836,1.1161389140563227e-13,7.048490806482732e-05,6.988078530412167e-05,0.001208235160447657,1.1522630993885535e-13,0.00011045284632676544,1.0,0.0005
141,6.949513007677555e-05,6.89462616781199e-05,0.001097737204271637,1.0468837660247427e-13,7.05493803252466e-05,6.987107190070674e-05,0.0013566494453698397,1.2938014917231178e-13,0.00010941083133185153,1.0,0.0005
142,6.95803645905502e-05,6.893531432162213e-05,0.0012901004727424706,1.2303356479249893e-13,7.050799467833713e-05,6.990207475610077e-05,0.0012118465965613723,1.1557069320641822e-13,0.00010836778433323162,1.0,0.0005
143,6.99469085903128e-05,6.93664976821865e-05,0.0011608216810924143,1.1070458057627845e-13,7.048232509987429e-05,6.987239612499252e-05,0.0012198679614812136,1.1633569270679683e-13,0.00010732381971276325,1.0,0.0005
144,6.974035993877451e-05,6.92121223329519e-05,0.0010564747972855882,1.0075328514622887e-13,7.045749225653708e-05,6.986587686697021e-05,0.0011832143645733595,1.128401232587499e-13,0.00010627905195293142,1.0,0.0005
145,6.987362761164905e-05,6.935152228156073e-05,0.0010442104653289573,9.95836665634153e-14,7.050242857076228e-05,6.986477092141286e-05,0.0012752885231748223,1.2162100211481064e-13,0.00010523359562429447,1.0,0.0005
146,6.998594607605394e-05,6.946525289834934e-05,0.0010413858581776337,9.931429205443619e-14,7.042696961434558e-05,6.987009692238644e-05,0.0011137305991724133,1.062136015532629e-13,0.00010418756537292005,1.0,0.0005
147,6.925430697866448e-05,6.871358327463002e-05,0.001081447914179604,1.0313490801281452e-13,7.044933590805158e-05,6.987219967413694e-05,0.0011542756110429764,1.1008027985242447e-13,0.00010314107590781288,1.0,0.0005
148,6.947245128685609e-05,6.889271235657793e-05,0.0011594779685857879,1.1057643362208692e-13,7.045156235108152e-05,6.987188680795953e-05,0.0011593562085181475,1.105647894745175e-13,0.00010209424198833577,1.0,0.0005
149,6.931888455548718e-05,6.878414027041645e-05,0.0010694883619750833,1.0199435483439583e-13,7.044769881758839e-05,6.986548396525905e-05,0.001164418994449079,1.1104765924082466e-13,0.00010104717841162465,1.0,0.0005
150,6.926487647865157e-05,6.873150118350414e-05,0.0010667497270456436,1.0173317914493845e-13,7.048459519864991e-05,6.986351945670322e-05,0.0012421398423612118,1.1845967186775025e-13,0.00010000000000000007,1.0,0.0005
151,6.957838146047572e-05,6.905089327828737e-05,0.001054975797098635,1.0061032970165487e-13,7.044838275760412e-05,6.987978122197092e-05,0.0011372313601896167,1.0845483717917062e-13,9.89528215883755e-05,1.0,0.0005
152,6.943358546438612e-05,6.890571560272632e-05,0.0010557401751688982,1.0068322432342826e-13,7.046706741675735e-05,6.987624510657042e-05,0.0011816490441560745,1.1269084894838938e-13,9.79057580116644e-05,1.0,0.0005
153,6.968807355082452e-05,6.912927470323867e-05,0.0011175975629712565,1.065824060153533e-13,7.048395491437986e-05,6.988546374486759e-05,0.0011969711631536484,1.141520553213024e-13,9.685892409218724e-05,1.0,0.0005
154,6.968417894035988e-05,6.910728416958097e-05,0.0011537910717286928,1.1003408744183611e-13,7.062188524287194e-05,6.987678352743387e-05,0.001490203314460814,1.4211688195622102e-13,9.58124346270801e-05,1.0,0.0005
155,6.95226239474585e-05,6.900130380418594e-05,0.0010426404922450813,9.943394387113938e-14,7.04303165548481e-05,6.985860090935603e-05,0.0011434258194640279,1.0904558506164008e-13,9.476640437570568e-05,1.0,0.0005
156,6.992072858492512e-05,6.941376020638587e-05,0.0010139362988164807,9.669649848525574e-14,7.046198152238503e-05,6.986539665376768e-05,0.0011932030320167542,1.1379269651123208e-13,9.372094804706875e-05,1.0,0.0005
157,6.945043781543372e-05,6.885487232081023e-05,0.0011911310218037817,1.1359510376629858e-13,7.049276609905064e-05,6.986768858041614e-05,0.0012501447927206755,1.1922311282750592e-13,9.267618028723691e-05,1.0,0.0005
158,6.961285778404198e-05,6.909146081158986e-05,0.001042793614403108,9.944854557063079e-14,7.04247213434428e-05,6.985972140682861e-05,0.0011299937032163143,1.0776457308979415e-13,9.163221566676851e-05,1.0,0.0005
159,6.961287196599326e-05,6.904974959640748e-05,0.0011262450223172998,1.0740709239582823e-13,7.08015140844509e-05,6.98928561178036e-05,0.0018173481803387403,1.7331585656660958e-13,9.058916866814862e-05,1.0,0.0005
160,6.968359082100629e-05,6.912522754430676e-05,0.0011167258524406953,1.0649927464150009e-13,7.046238897601143e-05,6.989869143581018e-05,0.0011273822747170925,1.0751555217956496e-13,8.954715367323472e-05,1.0,0.0005
161,6.91232380015239e-05,6.855138534605029e-05,0.0011437051442167643,1.0907222094583838e-13,7.043890946079046e-05,6.986360676819459e-05,0.0011505790753290057,1.0972779217362227e-13,8.85062849507134e-05,1.0,0.0005
162,6.95112163558113e-05,6.899753226839416e-05,0.0010273677338372474,9.797742035576647e-14,7.04109261278063e-05,6.985128129599616e-05,0.0011192787205800414,1.0674273964728087e-13,8.746667664356963e-05,1.0,0.0005
163,6.963721127742586e-05,6.917692926589999e-05,0.0009205630848231584,8.779173488736809e-14,7.041083154035732e-05,6.985818617977202e-05,0.001105302246287465,1.0540981472016361e-13,8.642844275656961e-05,1.0,0.0005
164,6.925353745365578e-05,6.87401387317627e-05,0.0010267963028173514,9.792292346188534e-14,7.039987394819036e-05,6.984174979152158e-05,0.0011162594892084599,1.0645479587905946e-13,8.539169714375891e-05,1.0,0.0005
165,6.903180079554382e-05,6.854592739126913e-05,0.0009717474281156467,9.267305351040292e-14,7.042794459266588e-05,6.985203071963042e-05,0.0011518362443894148,1.0984768460510844e-13,8.435655349597697e-05,1.0,0.0005
166,6.94069554595182e-05,6.891536198100627e-05,0.0009831879889766165,9.376411067746109e-14,7.04421108821407e-05,6.986928201513365e-05,0.001145628746598959,1.0925566956134988e-13,8.332312532838978e-05,1.0,0.0005
167,6.983242596014229e-05,6.937226665332534e-05,0.0009203179042896856,8.776835344731804e-14,7.041089702397585e-05,6.984810170251876e-05,0.001125565730035305,1.0734231700119251e-13,8.22915259680417e-05,1.0,0.0005
168,6.915076603221123e-05,6.861106287372314e-05,0.0010794071693731061,1.0294028826738694e-13,7.043499499559402e-05,6.984463834669441e-05,0.0011807307600975037,1.1260324541285255e-13,8.126186854142757e-05,1.0,0.0005
169,6.96572141181204e-05,6.919847682939243e-05,0.0009174748319911502,8.74972155018817e-14,7.037579052848741e-05,6.983971252338961e-05,0.001072154613211751,1.0224863355090194e-13,8.023426596208741e-05,1.0,0.0005
170,6.920450909153985e-05,6.871835328145268e-05,0.0009723118273541331,9.272687938191194e-14,7.039462798275054e-05,6.98348885634914e-05,0.0011194855906069279,1.0676243146923864e-13,7.92088309182241e-05,1.0,0.0005
171,6.934071279829368e-05,6.886716030332876e-05,0.0009471049381348984,9.032296387152573e-14,7.055785681586713e-05,6.98803341947496e-05,0.0013550488511100411,1.2922749350642582e-13,7.818567586034578e-05,1.0,0.0005
172,6.935857182123966e-05,6.878071773394753e-05,0.0011557088178282572,1.1021697839382551e-13,7.047453982522711e-05,6.986167863942683e-05,0.001225751475431025,1.1689678088358524e-13,7.716491298893448e-05,1.0,0.0005
173,6.924141188530978e-05,6.872986396971963e-05,0.0010230961103797338,9.757004534396393e-14,7.042023935355246e-05,6.984592619119212e-05,0.001148637500591576,1.0954261721882533e-13,7.614665424214196e-05,1.0,0.0005
174,6.978620069152755e-05,6.930422757049801e-05,0.0009639460911137699,9.192906209246912e-14,7.039630872895941e-05,6.984839274082333e-05,0.0010958362836390734,1.0450708088629787e-13,7.513101128351456e-05,1.0,0.0005
175,6.945241329958662e-05,6.896460066762579e-05,0.0009756253463003027,9.304288170512726e-14,7.037786417640746e-05,6.984233914408833e-05,0.0010710444767028093,1.0214276798502231e-13,7.411809548974797e-05,1.0,0.0005
176,6.957385704805285e-05,6.913624470066911e-05,0.000875223517295573,8.346781798145731e-14,7.037009345367551e-05,6.984098581597209e-05,0.0010582213290035725,1.0091985569709444e-13,7.310801793847349e-05,1.0,0.0005
177,6.978795308742073e-05,6.933567031302442e-05,0.0009045657411738599,8.626610973504663e-14,7.037453178782016e-05,6.98347357683815e-05,0.0010795987909659743,1.0295854202839114e-13,7.21008893960771e-05,1.0,0.0005
178,6.957636084072134e-05,6.913114832398497e-05,0.0008904246506833677,8.49175100469022e-14,7.039206684567034e-05,6.984137871768326e-05,0.0011013802140951157,1.0503577174691969e-13,7.109682030555285e-05,1.0,0.0005
179,6.997208821318917e-05,6.955331541653091e-05,0.0008375456554704677,7.987457615930814e-14,7.036860915832222e-05,6.98355506756343e-05,0.0010661339620128274,1.016744468566172e-13,7.009592077439137e-05,1.0,0.0005
180,6.95846386607026e-05,6.914993225679718e-05,0.0008694123268577317,8.291361925481908e-14,7.040677155600861e-05,6.982955528656021e-05,0.0011544279986992478,1.1009481493779935e-13,6.909830056250529e-05,1.0,0.0005
181,6.906296927146456e-05,6.860229855115226e-05,0.0009213408555882841,8.786590970612404e-14,7.037412433419377e-05,6.983869388932362e-05,0.0010708465706557035,1.0212390964348464e-13,6.810406907019302e-05,1.0,0.0005
182,6.997327135789003e-05,6.956581218203657e-05,0.0008149179644780075,7.771663057518809e-14,7.036682654870674e-05,6.983851926634088e-05,0.0010565986158326268,1.0076508583697213e-13,6.711333532614168e-05,1.0,0.0005
183,6.93942569403404e-05,6.894541248754141e-05,0.0008976885958148513,8.561025189428377e-14,7.040509080979973e-05,6.984392530284822e-05,0.0011223270557820797,1.0703344135477855e-13,6.612620797547087e-05,1.0,0.0005
184,6.95450753328722e-05,6.908954600152417e-05,0.0009110586557900375,8.688532159980543e-14,7.037867180770263e-05,6.984334322623909e-05,0.0010706415632739663,1.0210432624174412e-13,6.51427952678185e-05,1.0,0.0005
185,6.970403712515135e-05,6.926714941381745e-05,0.0008737749382616731,8.332966954935442e-14,7.040599302854389e-05,6.983998173382133e-05,0.0011320274788886309,1.0795854363471538e-13,6.416320504547e-05,1.0,0.0005
186,6.916363189841416e-05,6.866443202282317e-05,0.0009983992810810964,9.521477203572744e-14,7.047449616948143e-05,6.988641689531505e-05,0.0011761547066271305,1.1216685403842713e-13,6.318754473153224e-05,1.0,0.0005
187,6.915520473631983e-05,6.86929483505329e-05,0.0009245133743684549,8.816846304119375e-14,7.038359763100743e-05,6.984166975598782e-05,0.0010838707676157355,1.033659513234933e-13,6.221592131815329e-05,1.0,0.0005
188,6.918590816755984e-05,6.870070156163804e-05,0.0009704131279851041,9.254580676559994e-14,7.036469469312578e-05,6.982988998061046e-05,0.0010696055833250284,1.020055215425128e-13,6.124844135478972e-05,1.0,0.0005
189,6.959845212789379e-05,6.914849161718957e-05,0.0008999212433868167,8.582317530387699e-14,7.036459282971919e-05,6.983402272453532e-05,0.0010611199541017413,1.0119627304096962e-13,6.0285210936521935e-05,1.0,0.0005
190,6.918284424947637e-05,6.874019977581388e-05,0.0008852892462558792,8.442775909978348e-14,7.035522139631212e-05,6.982997001614422e-05,0.0010504701640456915,1.0018066020842098e-13,5.932633569241998e-05,1.0,0.0005
191,6.96385924761594e-05,6.922100307084462e-05,0.0008351785842116165,7.96488350738883e-14,7.036777242319658e-05,6.983632920309901e-05,0.0010628688614815474,1.0136310465026083e-13,5.837192077395991e-05,1.0,0.0005
192,6.90708243459763e-05,6.862324442994639e-05,0.0008951593728112531,8.53690476337957e-14,7.034622831270099e-05,6.982871127547696e-05,0.0010350419906899333,9.87092894401409e-14,5.742207084349274e-05,1.0,0.0005
193,6.910557690928927e-05,6.864866378946008e-05,0.0009138251095418266,8.71491506558613e-14,7.034370355540887e-05,6.98258081683889e-05,0.0010358000872656703,9.878159217251853e-14,5.647689006276726e-05,1.0,0.0005
194,6.952081507040283e-05,6.909575596968723e-05,0.0008501174876474286,8.107351919503355e-14,7.035448652459309e-05,6.982897320995107e-05,0.0010510572465136647,1.0023663892183912e-13,5.553648208150728e-05,1.0,0.0005
195,6.918769805313293e-05,6.874453871297824e-05,0.0008863184780624332,8.452591367969304e-14,7.034267764538527e-05,6.982725608395413e-05,0.001030840678140521,9.830864285608962e-14,5.460095002604533e-05,1.0,0.0005
196,6.925595516804606e-05,6.881623316291814e-05,0.0008794445203127876,8.387036324010758e-14,7.036327588139102e-05,6.983821367612109e-05,0.0010501372162252665,1.0014887953224e-13,5.367039648801386e-05,1.0,0.0005
197,6.969425984129499e-05,6.927586379125557e-05,0.0008367923324162109,7.980273409800189e-14,7.035487942630425e-05,6.982607010286301e-05,0.0010575841879472136,1.0085911327038094e-13,5.274492351309462e-05,1.0,0.0005
198,6.930501966330744e-05,6.884147777612778e-05,0.0009270828884189664,8.841351179759503e-14,7.038232433842495e-05,6.982695776969194e-05,0.0011107290629297495,1.0592738573225388e-13,5.1824632589828465e-05,1.0,0.0005
199,6.920392368525519e-05,6.873664775196368e-05,0.0009345514117740095,8.912576601080147e-14,7.037094474071637e-05,6.982790364418179e-05,0.0010860838228836656,1.0357701838142191e-13,5.0909624638485924e-05,1.0,0.0005
200,6.951247805619013e-05,6.907172829121888e-05,0.0008814983238600258,8.406622976060757e-14,7.034604641376063e-05,6.982632476137951e-05,0.0010394318960607052,9.91279473327826e-14,4.999999999999998e-05,1.0,0.0005
201,6.94967381867296e-05,6.907336020218682e-05,0.0008467548508078681,8.075283349744444e-14,7.034400186967105e-05,6.982009654166177e-05,0.0010478197364136577,9.992787847190598e-14,4.909585842496287e-05,1.0,0.0005
202,6.927851322639766e-05,6.885223312133734e-05,0.0008525605623263045,8.130650913099003e-14,7.034323789412156e-05,6.982334889471531e-05,0.0010398017475381494,9.916322456096985e-14,4.8197299062686995e-05,1.0,0.0005
203,6.994800417687966e-05,6.954066462270221e-05,0.0008146794802919661,7.769388811382306e-14,7.034071313682944e-05,6.982281047385186e-05,0.0010358089348301291,9.878242565293863e-14,4.7304420450332244e-05,1.0,0.0005
204,6.901427289032994e-05,6.857987565296245e-05,0.0008687937742699001,8.285462826253665e-14,7.036374154267833e-05,6.982345075812191e-05,0.0010805998463183641,1.0305401958220564e-13,4.641732050210036e-05,1.0,0.0005
205,6.910466531812513e-05,6.865968809845873e-05,0.0008899545463757053,8.487267777023625e-14,7.03327459632419e-05,6.98291914886795e-05,0.0010071336291730404,9.604776284206917e-14,4.553609649849732e-05,1.0,0.0005
206,6.955103372555163e-05,6.91351621861617e-05,0.0008317425129816757,7.932114435639944e-14,7.03263795003295e-05,6.982662307564169e-05,0.0009995241416618228,9.5322052117916e-14,4.4660845075665596e-05,1.0,0.0005
207,6.970060373640667e-05,6.92941418600316e-05,0.0008129240117248905,7.752647311417856e-14,7.033584552118555e-05,6.982261402299628e-05,0.0010264780139550567,9.789256671987115e-14,4.379166221478696e-05,1.0,0.0005
208,6.866666327538443e-05,6.823016328626644e-05,0.0008730003412939229,8.325579920305176e-14,7.032646681182086e-05,6.982243212405592e-05,0.0010080649517476559,9.613656577625931e-14,4.292864323155684e-05,1.0,0.0005
209,6.932531045927366e-05,6.892714366786404e-05,0.0007963331452752384,7.594424514307823e-14,7.03336700098589e-05,6.982757622608915e-05,0.001012176158837974,9.652864038688438e-14,4.20718827657321e-05,1.0,0.0005
210,6.932700871710933e-05,6.888479389491002e-05,0.0008844310517414963,8.434591527343605e-14,7.034285954432562e-05,6.98286821716465e-05,0.0010283621959388256,9.807225967743347e-14,4.122147477075269e-05,1.0,0.0005
211,6.951654704299488e-05,6.909807367049063e-05,0.0008369462487635092,7.981741240372732e-14,7.034547888906673e-05,6.982523336773738e-05,0.001040459144860506,9.92259253278574e-14,4.03775125034384e-05,1.0,0.0005
212,6.947491019056573e-05,6.90450045621512e-05,0.0008598108508553104,8.199795005061653e-14,7.034109148662537e-05,6.982729973969981e-05,0.0010276135290041566,9.800085141184814e-14,3.954008851376251e-05,1.0,0.0005
213,6.952428508557821e-05,6.909750059633753e-05,0.0008535693543647432,8.140271467373147e-14,7.033032306935638e-05,6.982179911574349e-05,0.0010170470923185349,9.69931668076858e-14,3.870929463470237e-05,1.0,0.0005
214,6.944694819216916e-05,6.904298172261314e-05,0.0008079326830970092,7.705046310879896e-14,7.033641304587945e-05,6.981881597312167e-05,0.0010352111421525478,9.872541017119305e-14,3.7885221972168965e-05,1.0,0.0005
215,6.956524256088029e-05,6.917747582597026e-05,0.0007755333726428513,7.39606241652657e-14,7.032557186903432e-05,6.981835758779198e-05,0.001014414243400097,9.674207913706531e-14,3.706796089501627e-05,1.0,0.0005
216,6.937387587317123e-05,6.896917712164379e-05,0.000809396988065061,7.719011024367185e-14,7.03243786119856e-05,6.981807382544503e-05,0.0010125834960490465,9.656748192971368e-14,3.625760102513102e-05,1.0,0.0005
217,6.927528825067615e-05,6.887914910833588e-05,0.0007922780567827493,7.555752108165957e-14,7.033280417090282e-05,6.981953629292548e-05,0.0010265064192935824,9.789529077782952e-14,3.545423122760495e-05,1.0,0.0005
218,6.974259920722126e-05,6.934500166700396e-05,0.000795195868704468,7.583578610587901e-14,7.032298162812367e-05,6.982202467042953e-05,0.001001911237835884,9.554971424534722e-14,3.465793960098947e-05,1.0,0.0005
219,6.900377898630923e-05,6.858169519731191e-05,0.0008441668375734619,8.050602124715995e-14,7.032114081084728e-05,6.981848127907142e-05,0.0010053201112896204,9.587479871423985e-14,3.386881346763479e-05,1.0,0.0005
220,6.915914781206145e-05,6.872423336509678e-05,0.0008698297502725559,8.29534266449121e-14,7.032172288745642e-05,6.98192889103666e-05,0.0010048627154901624,9.583117990558804e-14,3.308693936411417e-05,1.0,0.0005
221,6.981873408776818e-05,6.942878518218048e-05,0.0007798975600932046,7.437682629404596e-14,7.032203575363383e-05,6.981971091590822e-05,0.0010046660900115967,9.581241643174046e-14,3.2312403031733934e-05,1.0,0.0005
222,6.980274658910615e-05,6.93970298201193e-05,0.0008114350020443484,7.738447048117478e-14,7.032405846985057e-05,6.982123159104958e-05,0.0010056541068479419,9.590664037679303e-14,3.1545289407131124e-05,1.0,0.0005
223,6.958567036682803e-05,6.919633547807018e-05,0.0007786693458911031,7.425969335233704e-14,7.033289148239419e-05,6.981746264500543e-05,0.0010308725759387016,9.8311671845909e-14,3.0785682612959326e-05,1.0,0.0005
224,6.915357948470292e-05,6.874109669174147e-05,0.0008249652021469833,7.867481020953973e-14,7.031920540612191e-05,6.981567275943235e-05,0.001007055165246129,9.604024118949755e-14,3.003366594866344e-05,1.0,0.0005
225,6.939946862245453e-05,6.899144685475977e-05,0.0008160426647410238,7.782389176423498e-14,7.03172481735237e-05,6.981305341469124e-05,0.0010083802044391632,9.616663205775505e-14,2.9289321881345247e-05,1.0,0.0005
226,6.95304118118533e-05,6.914656052871023e-05,0.0007677026654364762,7.321383001580488e-14,7.031136192381382e-05,6.981530168559402e-05,0.0009921115124598145,9.461513197266472e-14,2.855273203671968e-05,1.0,0.0005
227,6.968442891266639e-05,6.931298054750787e-05,0.000742895851282687,7.084806710897554e-14,7.031524000922218e-05,6.981445767451078e-05,0.0010015771258622408,9.551782514894899e-14,2.782397719016378e-05,1.0,0.0005
228,6.938484431761396e-05,6.899778840676644e-05,0.0007741115770255357,7.38250307290875e-14,7.031622953945771e-05,6.981342448852956e-05,0.0010056078899651766,9.590222225294015e-14,2.710313725785886e-05,1.0,0.0005
229,6.97148569674089e-05,6.932274944551479e-05,0.0007842151690826957,7.478858417016038e-14,7.031602581264451e-05,6.98122603353113e-05,0.0010075262980535626,9.608520169833781e-14,2.6390291288026597e-05,1.0,0.0005
230,6.931639124513052e-05,6.890550312009972e-05,0.0008217761370992698,7.837067668425921e-14,7.031180575722829e-05,6.981488695601001e-05,0.0009938218863680959,9.477824341325158e-14,2.568551745226056e-05,1.0,0.0005
231,6.914990204307488e-05,6.872919063533704e-05,0.0008414241073897771,8.024445408491603e-14,7.032247231109068e-05,6.982196646276861e-05,0.0010009922552853823,9.546205649970177e-14,2.4988893036954036e-05,1.0,0.0005
232,6.926922811791143e-05,6.8860388359931e-05,0.0008176797369526604,7.798001475231228e-14,7.031072891550139e-05,6.981479236856103e-05,0.000991891953162849,9.459418654194501e-14,2.4300494434824366e-05,1.0,0.0005
233,6.926765466124703e-05,6.887760746857089e-05,0.0007800938244869586,7.439554296573407e-14,7.031783025013283e-05,6.981294427532703e-05,0.0010097676422446966,9.629894538037975e-14,2.3620397136535772e-05,1.0,0.0005
234,6.947113692827555e-05,6.907807033651082e-05,0.0007861323548102025,7.497142257739407e-14,7.030823326203972e-05,6.981305341469124e-05,0.000990347471088171,9.44468841242857e-14,2.294867572242108e-05,1.0,0.0005
235,6.902031563478917e-05,6.860654413408078e-05,0.0008275427626666882,7.892062571739266e-14,7.030853885225952e-05,6.981336628086865e-05,0.0009903587633743882,9.444798187898534e-14,2.2285403854302902e-05,1.0,0.0005
236,6.925388263001786e-05,6.886384308326326e-05,0.000780080247796693,7.439424789542719e-14,7.030744018265978e-05,6.98145231581293e-05,0.000985821825452149,9.401530389700069e-14,2.163065426741602e-05,1.0,0.0005
237,6.955918366132873e-05,6.918154851241447e-05,0.0007552697014466118,7.202812923476001e-14,7.031251880107448e-05,6.981525075389072e-05,0.0009945167694240808,9.484447461346329e-14,2.098449876243097e-05,1.0,0.0005
238,6.951023249835628e-05,6.912700682424672e-05,0.0007664517107837975,7.30945288133159e-14,7.031086715869606e-05,6.981191108934581e-05,0.0009979162132367492,9.516869172061793e-14,2.0347008197580364e-05,1.0,0.0005
239,6.97214795686936e-05,6.93553415427016e-05,0.0007322754038071607,6.983522283950623e-14,7.031097629806027e-05,6.981204933254048e-05,0.0009978675516322255,9.516407708512128e-14,1.9718252480888556e-05,1.0,0.0005
240,6.90703284709667e-05,6.866594073579694e-05,0.0008087760001278908,7.713088788218641e-14,7.030634151306003e-05,6.981281330808997e-05,0.0009870423236861825,9.413169977648059e-14,1.9098300562505256e-05,1.0,0.0005
241,6.938831988224855e-05,6.900370561012651e-05,0.0007692292289240127,7.335941378925772e-14,7.030438428046182e-05,6.981342448852956e-05,0.0009819180704653263,9.36430091997599e-14,1.848722042714456e-05,1.0,0.0005
242,6.920542660212713e-05,6.880561643086721e-05,0.0007996200687465084,7.625771044469513e-14,7.031596032902598e-05,6.98125222697854e-05,0.001006869599223137,9.602255514155889e-14,1.788507908662959e-05,1.0,0.0005
243,6.952573793399605e-05,6.913477199751946e-05,0.0007819314048254578,7.457078782309108e-14,7.03039622749202e-05,6.981391197768971e-05,0.0009800883708521724,9.346850686009836e-14,1.72919425725438e-05,1.0,0.0005
244,6.926217746834066e-05,6.887210067854879e-05,0.0007801535164432253,7.440123502713962e-14,7.030223059700802e-05,6.981212209211662e-05,0.0009802195709198713,9.348103617145415e-14,1.670787592899005e-05,1.0,0.0005
245,6.933207611328433e-05,6.89446634338711e-05,0.0007748245192549617,7.38930228390141e-14,7.030167034827173e-05,6.981173646636307e-05,0.000979859265498817,9.34466534100592e-14,1.61329432054576e-05,1.0,0.0005
246,6.926372835720432e-05,6.888711628192341e-05,0.0007532237258431959,7.183301040029211e-14,7.030577398836613e-05,6.981286423979327e-05,0.0009858222911134362,9.401533777831858e-14,1.5567207449798488e-05,1.0,0.0005
247,6.960164467010931e-05,6.9224959341967e-05,0.000753370258696693,7.184698569738429e-14,7.030504639260471e-05,6.981049227761105e-05,0.0009891118388623,9.432905845319084e-14,1.501073070131362e-05,1.0,0.0005
248,6.949725231329389e-05,6.912628946415448e-05,0.0007419263134055407,7.075560602612059e-14,7.030271081021056e-05,6.98102085152641e-05,0.0009849752532318234,9.393456471646841e-14,1.4463573983949338e-05,1.0,0.0005
249,6.999625092849799e-05,6.963266109084805e-05,0.0007271794843984673,6.934923823156571e-14,7.03029363648966e-05,6.98091316735372e-05,0.0009876342955976725,9.418813927582204e-14,1.3925797299605643e-05,1.0,0.0005
250,6.90940008607251e-05,6.869652688846592e-05,0.0007949473940120158,7.58120884784793e-14,7.030309643596411e-05,6.981109618209302e-05,0.0009839782724156976,9.383948696220501e-14,1.3397459621556147e-05,1.0,0.0005
251,6.94306644757073e-05,6.904958594902182e-05,0.000762156902918971,7.268494528513357e-14,7.030184497125447e-05,6.981044134590775e-05,0.0009828029433265328,9.372738723383359e-14,1.2878618887981037e-05,1.0,0.0005
252,6.949497580180986e-05,6.910858052324946e-05,0.0007727904027225291,7.369903311382138e-14,7.03082769177854e-05,6.981142360018566e-05,0.0009936897549778223,9.476564633926002e-14,1.2369331995613638e-05,1.0,0.0005
253,6.950666912894506e-05,6.913155491436215e-05,0.0007502273394986671,7.154725324044579e-14,7.030274718999863e-05,6.981148908380419e-05,0.0009825218003243208,9.370060066390962e-14,1.186965479350078e-05,1.0,0.0005
254,6.918609968556281e-05,6.879913971869874e-05,0.0007739211565822805,7.38068713763657e-14,7.030166307231411e-05,6.98099538567476e-05,0.0009833984076976776,9.378417909888109e-14,1.1379642076878523e-05,1.0,0.0005
255,6.897613663676242e-05,6.858071510115701e-05,0.0007908431767738598,7.542068081298301e-14,7.029692642390728e-05,6.98109288350679e-05,0.0009719952940940857,9.269668366229666e-14,1.0899347581163218e-05,1.0,0.0005
256,6.93878309132326e-05,6.901307445378595e-05,0.0007495133169745174,7.147915856775012e-14,7.030281994957477e-05,6.981016485951841e-05,0.0009853100636973977,9.396648091792095e-14,1.0428823976058729e-05,1.0,0.0005
257,6.946928698522181e-05,6.90960637796907e-05,0.0007464468229554152,7.11867147288273e-14,7.02982724760659e-05,6.981080514378846e-05,0.0009749599848873913,9.297942326009015e-14,9.968122859780645e-06,1.0,0.0005
258,6.96777912661812e-05,6.931402433912222e-05,0.0007275348056652347,6.9383123971255e-14,7.030211418168619e-05,6.981085607549176e-05,0.000982543220743537,9.37026403192466e-14,9.517294753398061e-06,1.0,0.0005
259,6.923066578919889e-05,6.8830885338376e-05,0.000799561441299837,7.625211910842785e-14,7.03001205692999e-05,6.981009937589988e-05,0.000980054261162877,9.346526102984448e-14,9.076389095293143e-06,1.0,0.0005
260,6.888925270039304e-05,6.8471575243659e-05,0.0008353545153868716,7.966561255696088e-14,7.030179403955117e-05,6.980963371461257e-05,0.0009843481238931417,9.387475741412868e-14,8.64545423573992e-06,1.0,0.0005
261,6.877442711364415e-05,6.837731027991464e-05,0.0007942318013608771,7.574384421115126e-14,7.030307460809126e-05,6.980975740589201e-05,0.000986646511591971,9.409390855450589e-14,8.224537431601903e-06,1.0,0.0005
262,6.979185633037744e-05,6.942130623768099e-05,0.000741100586433816,7.067685780370907e-14,7.030045526335016e-05,6.980878970352933e-05,0.0009833329822868109,9.37779449363893e-14,7.813684841149931e-06,1.0,0.0005
263,6.927354892684242e-05,6.889733924901397e-05,0.0007524198420361569,7.175634599378277e-14,7.029902917565778e-05,6.980811303947121e-05,0.0009818339021876454,9.363498610368351e-14,7.412941519000521e-06,1.0,0.0005
264,6.925015610650624e-05,6.887285959792434e-05,0.0007545929742479792,7.196359233014666e-14,7.029840344330296e-05,6.980842590564862e-05,0.0009799670660868287,9.345694655443423e-14,7.02235141117486e-06,1.0,0.0005
265,6.90162209971508e-05,6.8618177465396e-05,0.0007960878044240556,7.592084624553557e-14,7.029916014289483e-05,6.981034675845876e-05,0.0009776422521099448,9.323521365763379e-14,6.6419573502798205e-06,1.0,0.0005
266,6.948812209637993e-05,6.9108286401912e-05,0.0007596713085303683,7.244789918116602e-14,7.030070264590904e-05,6.980859325267375e-05,0.0009842434665188193,9.386478275414181e-14,6.27180105081085e-06,1.0,0.0005
267,7.008143821020878e-05,6.975328166953335e-05,0.0006563134848582164,6.259092991438231e-14,7.03014520695433e-05,6.980902253417298e-05,0.000984836369752884,9.392129001611904e-14,5.91192310457745e-06,1.0,0.0005
268,6.957685128959306e-05,6.920961545725053e-05,0.0007344714037371579,7.004464955352827e-14,7.030146662145853e-05,6.980833131819963e-05,0.0009862895822152495,9.405989171134416e-14,5.5623629762518964e-06,1.0,0.0005
269,6.929392913076237e-05,6.89233596766194e-05,0.0007411388180147604,7.068050372064387e-14,7.029887638054788e-05,6.980808393564075e-05,0.0009816173696890473,9.361432527603408e-14,5.2231589990414405e-06,1.0,0.0005
270,6.93764821458529e-05,6.899471585619089e-05,0.0007635329078519875,7.281616923724916e-14,7.030148117337376e-05,6.980900070630014e-05,0.0009849367197602987,9.393090553413627e-14,4.894348370484643e-06,1.0,0.0005
271,6.958771417098972e-05,6.922777304110133e-05,0.0007198824309467702,6.865333594633654e-14,7.02985780662857e-05,6.980844045756385e-05,0.0009802725398913026,9.348606415902905e-14,4.575967148372314e-06,1.0,0.0005
272,6.970131690357417e-05,6.933950720911341e-05,0.0007236188976094127,6.900967420820398e-14,7.029972039163113e-05,6.980806210776791e-05,0.0009833014337345958,9.37749227228335e-14,4.268050246793273e-06,1.0,0.0005
273,6.971591333779743e-05,6.934530096783665e-05,0.0007412245702314175,7.068868203909697e-14,7.029930566204712e-05,6.980758917052299e-05,0.0009834469528868794,9.378881406316847e-14,3.970631432305691e-06,1.0,0.0005
274,6.898480649520564e-05,6.860150473184442e-05,0.0007666032265583685,7.31089786785624e-14,7.029808330116794e-05,6.980953912716359e-05,0.0009770657634362578,9.318025816001593e-14,3.6837433202341877e-06,1.0,0.0005
275,6.934259270842709e-05,6.897377971978069e-05,0.00073762514265412,7.034541280649412e-14,7.029924017842859e-05,6.980835314607248e-05,0.0009817712707445025,9.362898911041695e-14,3.407417371093167e-06,1.0,0.0005
276,6.970254592380439e-05,6.932700736057487e-05,0.0007510774239100579,7.162832405591165e-14,7.02999604982324e-05,6.980770558584481e-05,0.0009845265885815024,9.389177261197312e-14,3.1416838871368907e-06,1.0,0.0005
277,6.880155015713141e-05,6.840535120395312e-05,0.0007923976054525603,7.556892300651904e-14,7.03007317497395e-05,6.980828038649634e-05,0.0009848998161032796,9.392734121949423e-14,2.8865720090364017e-06,1.0,0.0005
278,6.955777668844025e-05,6.919032689361533e-05,0.0007349000760290961,7.008553072298158e-14,7.029942207736894e-05,6.980770558584481e-05,0.000983451260253787,9.378920031019242e-14,2.6421097126839695e-06,1.0,0.0005
279,6.897808733333092e-05,6.857977378955585e-05,0.0007966262243009346,7.597219590954049e-14,7.030005508568138e-05,6.980766193009913e-05,0.0009847787441685796,9.391582834767515e-14,2.4083238061252665e-06,1.0,0.0005
280,6.907893272247008e-05,6.868154026560043e-05,0.0007947848081762382,7.579658381315313e-14,7.029924017842859e-05,6.98073417879641e-05,0.000983784208074212,9.382096743384624e-14,2.185239926619441e-06,1.0,0.0005
281,6.914794727690296e-05,6.876994870007196e-05,0.0007559972163092471,7.209751070842395e-14,7.02996039763093e-05,6.980876059969887e-05,0.0009816918754950166,9.362142002400028e-14,1.9728825378278238e-06,1.0,0.0005
282,6.939872462495814e-05,6.902956793980546e-05,0.0007383136480249528,7.041107528868596e-14,7.029904372757301e-05,6.980823673075065e-05,0.000981625053100288,9.361504355997335e-14,1.7712749271311382e-06,1.0,0.0005
283,6.959489122490888e-05,6.921020172678439e-05,0.0007693795294903408,7.337374702237432e-14,7.029865810181946e-05,6.980834587011486e-05,0.000980634824372828,9.35206298795406e-14,1.580439203075811e-06,1.0,0.0005
284,6.92539196264125e-05,6.886082812374205e-05,0.0007861829382541069,7.497624526715295e-14,7.029782136669382e-05,6.980830221436918e-05,0.0009790320182219148,9.33677709257473e-14,1.4003962929495011e-06,1.0,0.0005
285,6.958449104508795e-05,6.92119981483872e-05,0.0007449852167510317,7.104732480484055e-14,7.029814150882885e-05,6.980817124713212e-05,0.0009799557738006115,9.345585557599817e-14,1.2311659404862334e-06,1.0,0.0005
286,6.9314975269786e-05,6.892831670021701e-05,0.0007733178260377056,7.374933317479622e-14,7.029943662928417e-05,6.980790931265801e-05,0.0009830535855144262,9.375128711547331e-14,1.0727667037011662e-06,1.0,0.0005
287,6.965603578295085e-05,6.928726410694515e-05,0.0007375429756347469,7.033757815371376e-14,7.02976030879654e-05,6.980788020882756e-05,0.0009794420329853892,9.34068564140654e-14,9.252159528556398e-07,1.0,0.0005
288,6.944958430860918e-05,6.906937729366029e-05,0.0007604140959979998,7.251873726436942e-14,7.029816333670169e-05,6.980771286180243e-05,0.0009809189941734076,9.354772138132558e-14,7.885298685522231e-07,1.0,0.0005
289,6.952825122240584e-05,6.915185865906651e-05,0.0007527858111119466,7.179124748389721e-14,7.029880362097174e-05,6.980774196563289e-05,0.000982131576165557,9.366335831928474e-14,6.627234399603551e-07,1.0,0.0005
290,6.957816897784912e-05,6.921810686975023e-05,0.0007201240983026071,6.867638310985873e-14,7.029856351437047e-05,6.980796024436131e-05,0.0009811930358409882,9.35738438774189e-14,5.478104631726708e-07,1.0,0.0005
291,6.976805617973618e-05,6.942123088835723e-05,0.0006936514173965838,6.615175345988857e-14,7.029711559880525e-05,6.980833131819963e-05,0.0009775841608643532,9.322968422655412e-14,4.4380353969200015e-07,1.0,0.0005
292,6.889475912045119e-05,6.848977648325549e-05,0.0008099647949181371,7.724425959562778e-14,7.02977558830753e-05,6.980793114053085e-05,0.000979666132479906,9.34282355256541e-14,3.5071407504956276e-07,1.0,0.0005
293,6.956857137314943e-05,6.91992764448021e-05,0.0007385894541739155,7.043737655180062e-14,7.029841071926057e-05,6.980771286180243e-05,0.0009814008371904492,9.359365767212108e-14,2.6855227755419027e-07,1.0,0.0005
294,6.885427630889245e-05,6.846047792844159e-05,0.000787596502913541,7.511105282903399e-14,7.029734115349129e-05,6.980794569244608e-05,0.000978777650743723,9.334351190213794e-14,1.97327157172844e-07,1.0,0.0005
295,6.955308505231357e-05,6.917856499982871e-05,0.0007490397695357264,7.143399761358766e-14,7.029746484477073e-05,6.980770558584481e-05,0.0009795408695936203,9.34162957492296e-14,1.370465245426166e-07,1.0,0.0005
296,6.961544568184763e-05,6.924559617754451e-05,0.0007396990184719533,7.054319353531596e-14,7.029759581200778e-05,6.98078511049971e-05,0.0009795048972591758,9.34128737361227e-14,8.771699011416163e-08,1.0,0.0005
297,6.981920492855075e-05,6.947528262093853e-05,0.0006878446359424141,6.559797460317535e-14,7.02978577464819e-05,6.980785838095471e-05,0.0009799905819818377,9.345920305020572e-14,4.9343963426839966e-08,1.0,0.0005
298,6.900280659773655e-05,6.863153963823313e-05,0.0007425335021807923,7.081351189741513e-14,7.029782864265144e-05,6.980790931265801e-05,0.0009798401733860373,9.344483737142029e-14,2.1931652515450024e-08,1.0,0.0005
299,6.93797716186224e-05,6.90078784334789e-05,0.0007437872448817716,7.093307769002644e-14,7.029774860711768e-05,6.980790931265801e-05,0.0009796632220968604,9.342796447511098e-14,5.483063448785682e-09,1.0,0.0005
300,6.960277934953318e-05,6.92345785278969e-05,0.0007364020388873325,7.022876999537537e-14,7.029771222732961e-05,6.980790931265801e-05,0.0009795903461053967,9.342100525241634e-14,0.0,1.0,0.0005
